uid,tag,key,time,did,value,metric,last_modify
8278074507,object_name,2026/01/04/8278074507/2016481816_145500.xA5aaQQg_vZOYGMi51JntrC58u5jHyVc4xVo,1767509700,2016481816,t1sH4eAMUa2niIDrqnq_fw==,0,1767513710
8278074507,object_name,2026/01/03/8278074507/2016481816_155500.VMtYaQQg_vZOYGMi51JntrC58u5jHyVc4xVo,1767426900,2016481816,J-SwhuHLx5_W7diuNQ4tRA==,0,1767448149
8278074507,object_name,2026/01/03/8278074507/2016481816_002500.XPFXaQSg_vZOYGMi51JntrC58u5jHyVc4xVo,1767371100,2016481816,NgMwK-_tBs-fsK_zUHWUaA==,0,1767378591
8278074507,object_name,2026/01/02/8278074507/2016481816_174400.YJNXaQQg_vZOYGMi51JntrC58u5jHyVc4xVo,1767347040,2016481816,PIlYdlcuMHT_FrQnlZtu3A==,0,1767450848
8278074507,object_name,2026/01/02/8278074507/2016481816_153500.JHVXaQQg_vZOYGMi51JntrC58u5jHyVc4xVo,1767339300,2016481816,lzn3_37wEd94PzoRMNk2ag==,0,1767428037
8278074507,object_name,2026/01/01/8278074507/2016481816_195300.HGBWaQQg_vZOYGMi51JntrC58u5jHyVc4xVo,1767268380,2016481816,ofg1XbBfWopgK81EkNqgkA==,0,1767392037
8278074507,object_name,2026/01/01/8278074507/2016481816_163000.iDBWaQQg_vZOYGMi51JntrC58u5jHyVc4xVo,1767256200,2016481816,haKlaqtDug_5p5N8MyK_Dg==,0,1767437341
8278074507,object_name,2026/01/01/8278074507/2016481816_020800.gGZVaQQg_vZOYGMi51JntrC58u5jHyVc4xVo,1767204480,2016481816,khhmwkhyl9o-OunOC2kaoQ==,0,1767447244
8278074507,object_name,2025/12/31/8278074507/2016481816_160600.aNlUaQQg_vZOYGMi51JntrC58u5jHyVc4xVo,1767168360,2016481816,izgPcvNjly350JHKIzrjJQ==,0,1767378592
8278074507,object_name,2025/12/30/8278074507/2016481816_164100.HJBTaQQg_vZOYGMi51JntrC58u5jHyVc4xVo,1767084060,2016481816,flHVHywKN3uQZ5yR0jKqyA==,0,1767210100
8278074507,object_name,2025/12/30/8278074507/2016481816_003800.aK5SaQQg_vZOYGMi51JntrC58u5jHyVc4xVo,1767026280,2016481816,SEN5U70d_qKXC2gdApNJOw==,0,1767029948
8278074507,object_name,2025/12/29/8278074507/2016481816_162300.ZDpSaQQg_vZOYGMi51JntrC58u5jHyVc4xVo,1766996580,2016481816,ukoBeG5AqXlL3WAl4daIEw==,0,1767043951
8278074507,object_name,2025/12/28/8278074507/2016481816_195400.WBpRaQQg_vZOYGMi51JntrC58u5jHyVc4xVo,1766922840,2016481816,h2O0OwXjz8CFxutQBrPHPA==,0,1766931887
8278074507,object_name,2025/12/27/8278074507/2016481816_221408.sOlPaQSg_vZOYGMi51JntrC58u5jHyVc4xVo,1766844848,2016481816,RZwKcm09Nc0wVex6krNKLA==,0,1766848508
8278074507,object_name,2025/12/27/8278074507/2016481816_162900.zJhPaQQg_vZOYGMi51JntrC58u5jHyVc4xVo,1766824140,2016481816,Nfd-R2wT7Qw_I6JlJ3uTFg==,0,1766827805
8278074507,object_name,2025/12/26/8278074507/2016481816_172500.bFROaQQg_vZOYGMi51JntrC58u5jHyVc4xVo,1766741100,2016481816,aZwI3BxT_EfR6tJ4k0-tdw==,0,1766755996
8278074507,object_name,2025/12/25/8278074507/2016481816_170100.TP1MaQQg_vZOYGMi51JntrC58u5jHyVc4xVo,1766653260,2016481816,KYtGghq7J9YHBOIy7_2Vpw==,0,1766656923
8278074507,object_name,2025/12/24/8278074507/2016481816_164400.0KdLaQQg_vZOYGMi51JntrC58u5jHyVc4xVo,1766565840,2016481816,LoYVkxnRCaZi6H41Wmo8Bg==,0,1766569884
8278074507,object_name,2025/12/24/8278074507/2016481816_015853.XdhKaQSg_vZOYGMi51JntrC58u5jHyVc4xVo,1766512733,2016481816,kYBxnmCEwu8PSjf_-P76aw==,0,1766516068
8278074507,object_name,2025/12/24/8278074507/2016481816_014309.rdRKaQSM_vZOYGMi51JntrC58u5jHyVc4xVo,1766511789,2016481816,3CwJ2R6143oYJX1SccXvdw==,0,1766512980
8278074507,object_name,2025/12/22/8278074507/2016481816_234051.g2ZJaQSg_vZOYGMi51JntrC58u5jHyVc4xVo,1766418051,2016481816,VfVF-wvPWtHGdvoHIxi2lQ==,0,1766425000
8278074507,object_name,2025/12/21/8278074507/2016481816_222928.SARIaQTa_vZOYGMi51JntrC58u5jHyVc4xVo,1766327368,2016481816,C7KpcDvJDAAvgsGGMNADkg==,0,1766329320
8278074507,object_name,2025/12/21/8278074507/2016481816_222928.SARIaQTY_vZOYGMi51JntrC58u5jHyVc4xVo,1766327368,2016481816,M-tyG1LEtOS7Et3j_Ahs_Q==,0,1766329319
8278074507,object_name,2025/12/20/8278074507/2016481816_005441.UYNFaQSg_vZOYGMi51JntrC58u5jHyVc4xVo,1766163281,2016481816,Kbtye1ZC1uHKRSnrgiM11Q==,0,1766170231
8278074507,object_name,2025/12/19/8278074507/2016481816_235336.AHVFaQSg_vZOYGMi51JntrC58u5jHyVc4xVo,1766159616,2016481816,xANba0NclKIobdQ5BaFDeA==,0,1766161225
8278074507,object_name,2025/12/19/8278074507/2016481816_164900.fBFFaQQg_vZOYGMi51JntrC58u5jHyVc4xVo,1766134140,2016481816,-3gDE4pD0eqbi0ka4UX6cA==,0,1766138053
8278074507,object_name,2025/12/19/8278074507/2016481816_051800.iG9EaQQg_vZOYGMi51JntrC58u5jHyVc4xVo,1766092680,2016481816,yKsFykdEAaBrqsHiNn9Exg==,0,1766097288
8278074507,object_name,2025/12/18/8278074507/2016481816_211521.af5DaQSg_vZOYGMi51JntrC58u5jHyVc4xVo,1766063721,2016481816,LqNk5AlMp8J3tKlsyRHFgg==,0,1766066748
8278074507,object_name,2025/12/18/8278074507/2016481816_155300.3LJDaQQg_vZOYGMi51JntrC58u5jHyVc4xVo,1766044380,2016481816,8_-qcZeI5DficZ2wNeIP8Q==,0,1766048043
8278074507,object_name,2025/12/17/8278074507/2016481816_140200.WEdCaQQg_vZOYGMi51JntrC58u5jHyVc4xVo,1765951320,2016481816,1lqqK78-Ce3pMF68WXeUiA==,0,1765957066
8278074507,object_name,2025/12/17/8278074507/2016481816_033006.PrNBaQSg_vZOYGMi51JntrC58u5jHyVc4xVo,1765913406,2016481816,G-Ga13tFl0pQKGSqNTLcNg==,0,1765920962
8278074507,object_name,2025/12/16/8278074507/2016481816_185717.DTtBaQSg_vZOYGMi51JntrC58u5jHyVc4xVo,1765882637,2016481816,MkM1r6MfrIyRHmPWjN7oMQ==,0,1765886760
8278074507,object_name,2025/12/16/8278074507/2016481816_161300.jBRBaQQg_vZOYGMi51JntrC58u5jHyVc4xVo,1765872780,2016481816,4FJmI7ROwE_Ez1mAZBBxzw==,0,1765880381
8278074507,object_name,2025/12/15/8278074507/2016481816_162900.zMY_aQQg_vZOYGMi51JntrC58u5jHyVc4xVo,1765787340,2016481816,u9KmgsSuuqvt4NkcHjg8uA==,0,1765791004
8278074507,object_name,2025/12/14/8278074507/2016481816_203301.fa4-aQTa_vZOYGMi51JntrC58u5jHyVc4xVo,1765715581,2016481816,9g8gLz99qJX-n5XMNId6jQ==,0,1765717152
8278074507,object_name,2025/12/14/8278074507/2016481816_203301.fa4-aQTY_vZOYGMi51JntrC58u5jHyVc4xVo,1765715581,2016481816,7l6FBcCIIa68Pz3ffWo-OA==,0,1765717151
8278074507,object_name,2025/12/13/8278074507/2016481816_170000.ECs9aQQg_vZOYGMi51JntrC58u5jHyVc4xVo,1765616400,2016481816,JkOkwMaK6gW8rZnqQaaSBA==,0,1765623323
8278074507,object_name,2025/12/12/8278074507/2016481816_193000.uPw7aQQg_vZOYGMi51JntrC58u5jHyVc4xVo,1765539000,2016481816,LhsF-LDQl5HBW3ICtAiDbg==,0,1765543276
8278074507,object_name,2025/12/12/8278074507/2016481816_140058.mq87aQTa_vZOYGMi51JntrC58u5jHyVc4xVo,1765519258,2016481816,_WBBDAX27kxEc56VHeS0kQ==,0,1765521895
8278074507,object_name,2025/12/12/8278074507/2016481816_140058.mq87aQTY_vZOYGMi51JntrC58u5jHyVc4xVo,1765519258,2016481816,tX-tD0GZwPUeiEmtPxXk-Q==,0,1765521894
8278074507,object_name,2025/12/11/8278074507/2016481816_232311.3-E6aQSg_vZOYGMi51JntrC58u5jHyVc4xVo,1765466591,2016481816,xQsCEZz55xu22d7Gjls8lg==,0,1765496639
8278074507,object_name,2025/12/11/8278074507/2016481816_170000.EIg6aQQg_vZOYGMi51JntrC58u5jHyVc4xVo,1765443600,2016481816,JZUy7gOlki0MiD_BZBlvKg==,0,1765503841
8278074507,object_name,2025/12/10/8278074507/2016481816_170400.gDc5aQQg_vZOYGMi51JntrC58u5jHyVc4xVo,1765357440,2016481816,OmKC8iRJehX7ephePtf1LQ==,0,1765496640
8278074507,object_name,2025/12/09/8278074507/2016481816_183600.kPs3aQQg_vZOYGMi51JntrC58u5jHyVc4xVo,1765276560,2016481816,8I9bThV7FOPk8XenEXHN1g==,0,1765507442
8278074507,object_name,2025/12/09/8278074507/2016481816_165600.IOQ3aQQg_vZOYGMi51JntrC58u5jHyVc4xVo,1765270560,2016481816,8XgWumN-Z6tM8h_vreJ8-Q==,0,1765521887
8278074507,object_name,2025/12/05/8278074507/2016481816_154300.BI0yaQQg_vZOYGMi51JntrC58u5jHyVc4xVo,1764920580,2016481816,5sjDNBT-VsRHzfKneev0Pg==,0,1764934099
8278074507,object_name,2025/12/04/8278074507/2016481816_214200.qI8xaQQg_vZOYGMi51JntrC58u5jHyVc4xVo,1764855720,2016481816,Kkn58GWcybUaDEJN0LXqDA==,0,1764861633
8278074507,object_name,2025/12/04/8278074507/2016481816_184400.8GUxaQQg_vZOYGMi51JntrC58u5jHyVc4xVo,1764845040,2016481816,JMxt--EVXvlwnE_O_IaLJg==,0,1764858934
8278074507,object_name,2025/12/04/8278074507/2016481816_163600.8EcxaQQg_vZOYGMi51JntrC58u5jHyVc4xVo,1764837360,2016481816,GuXZ59eULBUjOs58bqq9xg==,0,1764856233
8278074507,object_name,2025/12/03/8278074507/2016481816_233700.HFkwaQQg_vZOYGMi51JntrC58u5jHyVc4xVo,1764776220,2016481816,4ybP2umnUoHk6ns5P_RF6A==,0,1764781554
8278074507,object_name,2025/12/03/8278074507/2016481816_152800.gOYvaQQg_vZOYGMi51JntrC58u5jHyVc4xVo,1764746880,2016481816,tjDpHRDgX3hPI_CKDEuczw==,0,1764779756
8278074507,object_name,2025/12/03/8278074507/2016481816_022100.DC4vaQQg_vZOYGMi51JntrC58u5jHyVc4xVo,1764699660,2016481816,_3bxhdp9yAC-pJ4bqMcvkg==,0,1764704100
8278074507,object_name,2025/12/03/8278074507/2016481816_001700._BAvaQQg_vZOYGMi51JntrC58u5jHyVc4xVo,1764692220,2016481816,a5Np_MC_b5m5VJihnHkSXw==,0,1764695883
8278074507,object_name,2025/12/01/8278074507/2016481816_225300.zKstaQQg_vZOYGMi51JntrC58u5jHyVc4xVo,1764600780,2016481816,RlcbS84kBdkW8qDPcjdfew==,0,1764615174
8278074507,object_name,2025/11/30/8278074507/2016481816_172800.IA4saQQg_vZOYGMi51JntrC58u5jHyVc4xVo,1764494880,2016481816,dPzPcUInzrHItA-PYZqzOw==,0,1764498545
8278074507,object_name,2025/11/29/8278074507/2016481816_151300._JwqaQQg_vZOYGMi51JntrC58u5jHyVc4xVo,1764400380,2016481816,EAjR5vAEpigRH4EgkJqgkw==,0,1764404043
8278074507,object_name,2025/11/28/8278074507/2016481816_164700.hGEpaQQg_vZOYGMi51JntrC58u5jHyVc4xVo,1764319620,2016481816,hYD8xlC31EZFt9m9jKByMw==,0,1764325074
8278074507,object_name,2025/11/27/8278074507/2016481816_170200.iBMoaQQg_vZOYGMi51JntrC58u5jHyVc4xVo,1764234120,2016481816,2EWQDNvy0g6KTYdOGUVZPw==,0,1764237784
8278074507,object_name,2025/11/26/8278074507/895438322_153200.8KwmaQQg_D_9AJRmxSdsOEI10zANocm5upts,1764142320,895438322,jYHujoEbgnFWxA7SlbFUxA==,0,1764146864
8278074507,object_name,2025/11/25/8278074507/895438322_170500.PHElaQQg_D_9AJRmxSdsOEI10zANocm5upts,1764061500,895438322,FwwxnMzSlq6QrI_4vc6YmQ==,0,1764068459
8278074507,object_name,2025/11/24/8278074507/895438322_175500.dCskaQQg_D_9AJRmxSdsOEI10zANocm5upts,1763978100,895438322,8XKwz0YJWa_QTbVDaa9EQw==,0,1763992682
8278074507,object_name,2025/11/23/8278074507/895438322_182500._OAiaQQg_D_9AJRmxSdsOEI10zANocm5upts,1763893500,895438322,WiL9GNW_udMrx26WYT1Ing==,0,1763899213
8278074507,object_name,2025/11/21/8278074507/895438322_152600.CBQgaQQg_D_9AJRmxSdsOEI10zANocm5upts,1763709960,895438322,-AKx2gLOPDYs0GRNiv3a5Q==,0,1763802797
8278074507,object_name,2025/11/20/8278074507/895438322_145400.CLseaQQg_D_9AJRmxSdsOEI10zANocm5upts,1763621640,895438322,uMZgojQOlwM-H8R8BmTVVw==,0,1763627609
8278074507,object_name,2025/11/19/8278074507/895438322_140000.4FwdaQQg_D_9AJRmxSdsOEI10zANocm5upts,1763532000,895438322,U37zBXDu8senZM3WlA2ZRA==,0,1763535662
8278074507,object_name,2025/11/18/8278074507/895438322_134000.sAYcaQQg_D_9AJRmxSdsOEI10zANocm5upts,1763444400,895438322,WS5f2ZxceXI_0_MqxT-_hg==,0,1763449984
8278074507,object_name,2025/11/17/8278074507/895438322_140700.hLsaaQQg_D_9AJRmxSdsOEI10zANocm5upts,1763359620,895438322,PR-cdvNpg76CRk9oG24OAQ==,0,1763363284
8278074507,object_name,2025/11/16/8278074507/895438322_163700.LI0ZaQQg_D_9AJRmxSdsOEI10zANocm5upts,1763282220,895438322,7mVOmkgSAya_j3U2NtBf2g==,0,1763287571
8278074507,object_name,2025/11/15/8278074507/895438322_170300.xEEYaQQg_D_9AJRmxSdsOEI10zANocm5upts,1763197380,895438322,svqvplvBQ6Hh_uLQx2ZQkQ==,0,1763302876
8278074507,object_name,2025/11/14/8278074507/895438322_135800.6MQWaQQg_D_9AJRmxSdsOEI10zANocm5upts,1763099880,895438322,oLDlVd_Zo1_rwTukIBw0iA==,0,1763153381
8278074507,object_name,2025/11/13/8278074507/895438322_205700.nNUVaQQg_D_9AJRmxSdsOEI10zANocm5upts,1763038620,895438322,Q6N51HVZ_ep0Je1wql6PmQ==,0,1763050684
8278074507,object_name,2025/11/13/8278074507/895438322_133000.2GwVaQQg_D_9AJRmxSdsOEI10zANocm5upts,1763011800,895438322,kjDqSQAtqv_ci7KW7EhV-A==,0,1763103894
8278074507,object_name,2025/11/12/8278074507/895438322_204600.iIEUaQQg_D_9AJRmxSdsOEI10zANocm5upts,1762951560,895438322,t65_x3nEHPVVfUD1ixbLeg==,0,1762966984
8278074507,object_name,2025/11/12/8278074507/895438322_134000.sB0UaQQg_D_9AJRmxSdsOEI10zANocm5upts,1762926000,895438322,y6fAFo3AjSe9fNKIV0N2IA==,0,1763129081
8278074507,object_name,2025/11/11/8278074507/895438322_170000.EPsSaQQg_D_9AJRmxSdsOEI10zANocm5upts,1762851600,895438322,6fs0OMjKPmQlN7akQ_tLCg==,0,1762907581
8278074507,object_name,2025/11/10/8278074507/895438322_200500.7NQRaQQg_D_9AJRmxSdsOEI10zANocm5upts,1762776300,895438322,QpFH-GQkUdezpTo8oRI-Ag==,0,1762779966
8278074507,object_name,2025/11/09/8278074507/895438322_222200.iKMQaQQg_D_9AJRmxSdsOEI10zANocm5upts,1762698120,895438322,aa9J1rsehvo9zx1A58kDQQ==,0,1762821106
8278074507,object_name,2025/11/08/8278074507/895438322_190000.sCIPaQQg_D_9AJRmxSdsOEI10zANocm5upts,1762599600,895438322,6qxmc-ZfNuyq7cNz42E5Hw==,0,1762794511
8278074507,object_name,2025/11/07/8278074507/895438322_131700.zIANaQQg_D_9AJRmxSdsOEI10zANocm5upts,1762492620,895438322,ulL_BQdZ37SERCIy-yrE6w==,0,1762498584
8278074507,object_name,2025/11/06/8278074507/895438322_151900.5EsMaQQg_D_9AJRmxSdsOEI10zANocm5upts,1762413540,895438322,8V4HXieABvmpoeU1i5VAlw==,0,1762419017
8278074507,object_name,2025/11/05/8278074507/895438322_140000.4OcKaQQg_D_9AJRmxSdsOEI10zANocm5upts,1762322400,895438322,ueXpSLygZk1lL5ux7Vte2g==,0,1762326063
8278074507,object_name,2025/11/04/8278074507/895438322_141800.mJoJaQQg_D_9AJRmxSdsOEI10zANocm5upts,1762237080,895438322,3rG67o9stcTRv9rDyBujXA==,0,1762240743
8278074507,object_name,2025/11/03/8278074507/895438322_150000.8FIIaQQg_D_9AJRmxSdsOEI10zANocm5upts,1762153200,895438322,A0CxOIMFMn-kG4VA5iU5Ag==,0,1762156863
8278074507,object_name,2025/11/03/8278074507/895438322_014100.rJcHaQQg_D_9AJRmxSdsOEI10zANocm5upts,1762105260,895438322,4_ezXd703s7mZ0EvfQuniQ==,0,1762114426
8278074507,object_name,2025/10/30/8278074507/895438322_133300.jPgCaQQg_D_9AJRmxSdsOEI10zANocm5upts,1761802380,895438322,FFgg9L2b2N59v9Achw1awQ==,0,1761806045
8278074507,object_name,2025/10/15/8278074507/895438322_022757.LZbuaAja_D_9AJRmxSdsOEI10zANocm5upts,1760466477,895438322,H920hV3eG3XJvr1fQecsDg==,0,1760467794
8278074507,object_name,2025/10/15/8278074507/895438322_022757.LZbuaAjY_D_9AJRmxSdsOEI10zANocm5upts,1760466477,895438322,7cYlZfEAMdNKPZAb0fwQgQ==,0,1760467794
8278074507,object_name,2025/10/11/8278074507/895438322_012806.JkLpaAja_D_9AJRmxSdsOEI10zANocm5upts,1760117286,895438322,MXmk1nGeU9us6k-DmqE9NQ==,0,1760336131
8278074507,object_name,2025/10/11/8278074507/895438322_012806.JkLpaAjY_D_9AJRmxSdsOEI10zANocm5upts,1760117286,895438322,q-r7ELJE536uZEv1GsrYfQ==,0,1760336130
8278074507,object_name,2025/09/19/8278074507/895438322_030913.2VjMaAja_D_9AJRmxSdsOEI10zANocm5upts,1758222553,895438322,PUUcIOHCe_E9wk7MUduQXQ==,0,1758229033
8278074507,object_name,2025/09/19/8278074507/895438322_030913.2VjMaAjY_D_9AJRmxSdsOEI10zANocm5upts,1758222553,895438322,6xiUyqWhxJ33vg4uxiqY9Q==,0,1758229032
8278074507,object_name,2025/09/17/8278074507/895438322_134000.sEnKaAgg_D_9AJRmxSdsOEI10zANocm5upts,1758087600,895438322,DDLm-fNKX8dKa0UH0HR8gg==,0,1758093245
8278074507,object_name,2025/09/17/8278074507/895438322_010130.6pfJaAja_D_9AJRmxSdsOEI10zANocm5upts,1758042090,895438322,nsLL1RAXyb1bj--frk75cw==,0,1758046225
8278074507,object_name,2025/09/17/8278074507/895438322_010130.6pfJaAjY_D_9AJRmxSdsOEI10zANocm5upts,1758042090,895438322,f7UmaTY9OLqjfEH0DocP5A==,0,1758046224
8278074507,object_name,2025/09/14/8278074507/895438322_172020.1IjGaAja_D_9AJRmxSdsOEI10zANocm5upts,1757841620,895438322,YAmuypbjkwsqBkojusLMzA==,0,1757844056
8278074507,object_name,2025/09/14/8278074507/895438322_172020.1IjGaAjY_D_9AJRmxSdsOEI10zANocm5upts,1757841620,895438322,yA--LI0JiCi58R4-4LjRzA==,0,1757844055
8278074507,object_name,2025/09/12/8278074507/895438322_020223.rw7DaAja_D_9AJRmxSdsOEI10zANocm5upts,1757613743,895438322,-fHIZ-WhJ2DFNi8amWxORA==,0,1757619984
8278074507,object_name,2025/09/12/8278074507/895438322_020223.rw7DaAjY_D_9AJRmxSdsOEI10zANocm5upts,1757613743,895438322,aimT7t8ZXwWTilMq9uEP2A==,0,1757619983
8278074507,object_name,2025/09/10/8278074507/895438322_023408.IHPAaAja_D_9AJRmxSdsOEI10zANocm5upts,1757442848,895438322,RM75RAMHnQ8xHhnOuTgMJA==,0,1757445600
8278074507,object_name,2025/09/10/8278074507/895438322_023408.IHPAaAjY_D_9AJRmxSdsOEI10zANocm5upts,1757442848,895438322,UhlnpfSDZZoi8aIeeTZ67w==,0,1757445600
8278074507,object_name,2025/09/08/8278074507/895438322_022018.4sy9aAja_D_9AJRmxSdsOEI10zANocm5upts,1757269218,895438322,42Y-BiQpuKhS2MgMJWnCOQ==,0,1757270969
8278074507,object_name,2025/09/08/8278074507/895438322_022018.4sy9aAjY_D_9AJRmxSdsOEI10zANocm5upts,1757269218,895438322,NipGs_lGTRqD05YHE9JOcg==,0,1757270968
8278074507,object_name,2025/07/08/8278074507/895438322_165800.mN1saAgg_D_9AJRmxSdsOEI10zANocm5upts,1751965080,895438322,q0lfEbwL0hYrIdsK96DWZA==,0,1751968748
8278074507,object_name,2025/07/07/8278074507/895438322_200200.OLdraAgg_D_9AJRmxSdsOEI10zANocm5upts,1751889720,895438322,UNnMQYEijJG5ICrXxIGGmw==,0,1751893388
8278074507,object_name,2025/07/05/8278074507/895438322_165400.KOhoaAgg_D_9AJRmxSdsOEI10zANocm5upts,1751705640,895438322,BUhBUoOFERwSNjIXaJBWtQ==,0,1751710143
8278074507,object_name,2025/07/04/8278074507/895438322_164200.2JNnaAgg_D_9AJRmxSdsOEI10zANocm5upts,1751618520,895438322,Etj6VsB3CmlW60ReEAhCbA==,0,1751628147
8278074507,object_name,2025/07/02/8278074507/895438322_032337.uTVkaAja_D_9AJRmxSdsOEI10zANocm5upts,1751397817,895438322,8HUuOdv_j0_N_f5PdGV1Zw==,0,1751406332
8278074507,object_name,2025/07/02/8278074507/895438322_032337.uTVkaAjY_D_9AJRmxSdsOEI10zANocm5upts,1751397817,895438322,_8M6kKPl_0kuAE4X9KelSQ==,0,1751406331
8278074507,object_name,2025/06/15/8278074507/895438322_211316.7MZOaATe_D_9AJRmxSdsOEI10zANocm5upts,1749993196,895438322,nfc9gxXu4UFf8F9sIhX6oQ==,0,1750008481
8278074507,object_name,2025/06/15/8278074507/895438322_211316.7MZOaATc_D_9AJRmxSdsOEI10zANocm5upts,1749993196,895438322,VarHFQ8rfNPwz8u--ao9vA==,0,1750008480
8278074507,object_name,2025/06/15/8278074507/895438322_041000.GNdNaAQg_D_9AJRmxSdsOEI10zANocm5upts,1749931800,895438322,7PbySPt_2hUpPZoma5PIdA==,0,1749938242
8278074507,object_name,2025/06/10/8278074507/895438322_131557.jb9HaAje_D_9AJRmxSdsOEI10zANocm5upts,1749532557,895438322,qrN1YHQO1EOVRFLYml8_hg==,0,1749540618
8278074507,object_name,2025/06/10/8278074507/895438322_131557.jb9HaAjc_D_9AJRmxSdsOEI10zANocm5upts,1749532557,895438322,Lq2rZ8BkCeF8D6wVzP9C_g==,0,1749541513
8278074507,object_name,2025/06/10/8278074507/895438322_100900.vJNHaAgg_D_9AJRmxSdsOEI10zANocm5upts,1749521340,895438322,JIwKSymj-w5T7NNDpnhuWA==,0,1749525002
8278074507,object_name,2025/06/10/8278074507/895438322_011516.pBZHaAje_D_9AJRmxSdsOEI10zANocm5upts,1749489316,895438322,BiZbi7FmniPs5RRPHL89Qw==,0,1749491153
8278074507,object_name,2025/06/10/8278074507/895438322_011516.pBZHaAjc_D_9AJRmxSdsOEI10zANocm5upts,1749489316,895438322,WPiJCONVam043XhI0gUYjg==,0,1749491152
8278074507,object_name,2025/06/05/8278074507/895438322_123600.sB5BaAgg_D_9AJRmxSdsOEI10zANocm5upts,1749098160,895438322,nx-qEMIt4SeQ8KpF-sUMLQ==,0,1749383319
8278074507,object_name,2025/06/04/8278074507/895438322_124700.xM8_aAgg_D_9AJRmxSdsOEI10zANocm5upts,1749012420,895438322,lR3-lt_NhYiB6Fs9bIkUCg==,0,1749016202
8278074507,object_name,2025/06/04/8278074507/895438322_103500.1LA_aAgg_D_9AJRmxSdsOEI10zANocm5upts,1749004500,895438322,a4fblkeSeAuF8u-F0UL5-g==,0,1749013737
8278074507,object_name,2025/06/04/8278074507/895438322_001247._x4_aAja_D_9AJRmxSdsOEI10zANocm5upts,1748967167,895438322,t7Dy_P0yhzkkfKwby-1QrA==,0,1748968804
8278074507,object_name,2025/06/04/8278074507/895438322_001247._x4_aAjY_D_9AJRmxSdsOEI10zANocm5upts,1748967167,895438322,s-9JQFDVntm0LNG7bN2sdg==,0,1748968803
8278074507,object_name,2025/05/31/8278074507/895438322_222600.eBE7aAgg_D_9AJRmxSdsOEI10zANocm5upts,1748701560,895438322,XKgp45buDfZ5mOn43NS0Ww==,0,1748713874
8278074507,object_name,2025/05/31/8278074507/895438322_175626.StI6aAja_D_9AJRmxSdsOEI10zANocm5upts,1748685386,895438322,KjVcu_4OVXMW8PgfNAzJUQ==,0,1748713872
8278074507,object_name,2025/05/31/8278074507/895438322_175626.StI6aAjY_D_9AJRmxSdsOEI10zANocm5upts,1748685386,895438322,PFkv-Xo9bXohKeIjjfC4yQ==,0,1748713870
8278074507,object_name,2025/05/30/8278074507/895438322_124100.3DY5aAgg_D_9AJRmxSdsOEI10zANocm5upts,1748580060,895438322,CwnSSQ_cpySWg91-0DY1wQ==,0,1748583730
8278074507,object_name,2025/05/29/8278074507/895438322_130400.wOo3aAgg_D_9AJRmxSdsOEI10zANocm5upts,1748495040,895438322,4FiVufKArhAsAaWVO78ylw==,0,1748498954
8278074507,object_name,2025/05/28/8278074507/895438322_175920.eN42aAic_D_9AJRmxSdsOEI10zANocm5upts,1748426360,895438322,2Jwz2dNFiILiLl-4RAVp1Q==,0,1748430525
8278074507,object_name,2025/05/28/8278074507/895438322_135000.CKQ2aAgg_D_9AJRmxSdsOEI10zANocm5upts,1748411400,895438322,wE5XRRKq3QVz9ZDuG817sw==,0,1748421097
8278074507,object_name,2025/05/11/8278074507/895438322_180422.JnYgaAja_D_9AJRmxSdsOEI10zANocm5upts,1746957862,895438322,5tu7jKaCMub9whZsTWuPJA==,0,1746980111
8278074507,object_name,2025/05/11/8278074507/895438322_180422.JnYgaAjY_D_9AJRmxSdsOEI10zANocm5upts,1746957862,895438322,00_ugJvL_6I0TtCxwPbZbw==,0,1746980109
8278074507,object_name,2025/05/11/8278074507/895438322_173744.6G8gaAja_D_9AJRmxSdsOEI10zANocm5upts,1746956264,895438322,pfcu4gXPNqeIwBCFlDLVww==,0,1746980111
8278074507,object_name,2025/05/11/8278074507/895438322_173744.6G8gaAjY_D_9AJRmxSdsOEI10zANocm5upts,1746956264,895438322,vEVyhxY4HBYxJQvqWfAKag==,0,1746980108
8278074507,object_name,2025/05/10/8278074507/895438322_144150.LvUeaAic_D_9AJRmxSdsOEI10zANocm5upts,1746859310,895438322,OJUOlOoe4WXbTNrJItW4bQ==,0,1746876228
8278074507,object_name,2025/05/07/8278074507/895438322_123700.bOMaaAgg_D_9AJRmxSdsOEI10zANocm5upts,1746592620,895438322,bYXr7sR5XbdlDGme9ZvX1w==,0,1746876235
8278074507,object_name,2025/05/06/8278074507/895438322_171447.B9MZaAic_D_9AJRmxSdsOEI10zANocm5upts,1746522887,895438322,sTnjSXLqwQTRHApasxg1TA==,0,1746885635
8278074507,object_name,2025/04/30/8278074507/895438322_093100.VH0RaAgg_D_9AJRmxSdsOEI10zANocm5upts,1745976660,895438322,1nsrWrN8DZGfKi2Iq9BWjA==,0,1746876228
8278074507,object_name,2025/04/29/8278074507/895438322_120000.wE4QaAgg_D_9AJRmxSdsOEI10zANocm5upts,1745899200,895438322,KCIe-XgWvnN-fabxV2YOug==,0,1746891049
8278074507,object_name,2025/04/28/8278074507/895438322_123000.SAQPaAgg_D_9AJRmxSdsOEI10zANocm5upts,1745814600,895438322,-WwgAs-RqFT9Sgb1KSwrPQ==,0,1746889244
8278074507,object_name,2025/04/27/8278074507/895438322_143300.nM8NaAgg_D_9AJRmxSdsOEI10zANocm5upts,1745735580,895438322,9Xk5VWGjgDYu60YPhvRkOw==,0,1746890155
8278074507,object_name,2025/04/26/8278074507/895438322_123100.hGEMaAgg_D_9AJRmxSdsOEI10zANocm5upts,1745641860,895438322,JN2TAOoFzP3nFgaf-Yfigw==,0,1746885635
8278074507,object_name,2025/04/25/8278074507/895438322_120100._AgLaAgg_D_9AJRmxSdsOEI10zANocm5upts,1745553660,895438322,qzrojGNs_mRcJqQXzOAxcQ==,0,1746886538
8278074507,object_name,2025/04/24/8278074507/895438322_141000.uNUJaAgg_D_9AJRmxSdsOEI10zANocm5upts,1745475000,895438322,RRfDS7S7aRLhhme0fWAHtA==,0,1746891949
8278074507,object_name,2025/04/12/8278074507/895438322_183753.gUL6Zwja_D_9AJRmxSdsOEI10zANocm5upts,1744454273,895438322,547j1ZdyNYEtdmNStWLcJQ==,0,1744461702
8278074507,object_name,2025/04/12/8278074507/895438322_183753.gUL6ZwjY_D_9AJRmxSdsOEI10zANocm5upts,1744454273,895438322,luQ_FnSX50wAlagP8pV_Lg==,0,1744461700
8278074507,object_name,2025/04/12/8278074507/895438322_130000.UPP5Zwgg_D_9AJRmxSdsOEI10zANocm5upts,1744434000,895438322,Qxca63W47kczW6pg8HaQrQ==,0,1744466203
8278074507,object_name,2025/04/11/8278074507/895438322_115700.DJP4Zwgg_D_9AJRmxSdsOEI10zANocm5upts,1744343820,895438322,HpWzZ3j2Wd7M5XNlaw1doA==,0,1744469819
8278074507,object_name,2025/04/10/8278074507/895438322_154715.g3f3Zwic_D_9AJRmxSdsOEI10zANocm5upts,1744271235,895438322,6uBfW2gWCR5_g3itAQ8lFw==,0,1744461701
8278074507,object_name,2025/04/10/8278074507/895438322_140100.nF73Zwgg_D_9AJRmxSdsOEI10zANocm5upts,1744264860,895438322,x7Oy5NAOOslds_AkBUdPHQ==,0,1744468907
8278074507,object_name,2025/04/09/8278074507/895438322_135800.aAz2Zwgg_D_9AJRmxSdsOEI10zANocm5upts,1744178280,895438322,4r1UazvNm6helRkCdBxyJA==,0,1744468010
8278074507,object_name,2025/04/08/8278074507/895438322_152331.8870Zwic_D_9AJRmxSdsOEI10zANocm5upts,1744097011,895438322,kqpTAgJRU_XtDEDilHWgmA==,0,1744466202
8278074507,object_name,2025/04/08/8278074507/895438322_123200.wKb0Zwgg_D_9AJRmxSdsOEI10zANocm5upts,1744086720,895438322,13jOm4AY71KX0kOov5IXbg==,0,1744461702
8278074507,object_name,2025/04/07/8278074507/895438322_130000.0FvzZwgg_D_9AJRmxSdsOEI10zANocm5upts,1744002000,895438322,8eHfgjuEGJ0Qn8z9sTU87w==,0,1744013492
8278074507,object_name,2025/04/06/8278074507/895438322_135630.jhfyZwic_D_9AJRmxSdsOEI10zANocm5upts,1743918990,895438322,j0tMcymqf8W_qk7C3JMnnA==,0,1744012583
8278074507,object_name,2025/04/06/8278074507/895438322_120600.qP3xZwgg_D_9AJRmxSdsOEI10zANocm5upts,1743912360,895438322,J1qqbzyigoX3Uu2ka8VPOg==,0,1744012584
8278074507,object_name,2025/04/05/8278074507/895438322_133600.QMHwZwgg_D_9AJRmxSdsOEI10zANocm5upts,1743831360,895438322,PN_BCIUzMJktNmrV2ZndMg==,0,1743836150
8278074507,object_name,2025/04/04/8278074507/895438322_141618.MnnvZwic_D_9AJRmxSdsOEI10zANocm5upts,1743747378,895438322,ZLiGB99Q_z2xpHiEAOuVhg==,0,1743751300
8278074507,object_name,2025/04/04/8278074507/895438322_121300.TFzvZwgg_D_9AJRmxSdsOEI10zANocm5upts,1743739980,895438322,Cuuh04hw_L9jM9Rnk8rWIw==,0,1743743748
8278074507,object_name,2025/04/03/8278074507/895438322_144500.bC7uZwgg_D_9AJRmxSdsOEI10zANocm5upts,1743662700,895438322,9v8Z8WtcAITdp42kvScHkQ==,0,1743673783
8278074507,object_name,2025/04/02/8278074507/895438322_151911.7-TsZwic_D_9AJRmxSdsOEI10zANocm5upts,1743578351,895438322,fIDKqeY3EdXSq4pTWeCtfA==,0,1743579983
8278074507,object_name,2025/04/02/8278074507/895438322_131300.XMfsZwgg_D_9AJRmxSdsOEI10zANocm5upts,1743570780,895438322,UgZs8lrxe7s1hWxJmz66_w==,0,1743575166
8278074507,object_name,2025/04/01/8278074507/895438322_103500.1FDrZwgg_D_9AJRmxSdsOEI10zANocm5upts,1743474900,895438322,pVP4xDXdoWunmKioHz2bEQ==,0,1743478563
8278074507,object_name,2025/03/31/8278074507/895438322_115617.YRLqZwic_D_9AJRmxSdsOEI10zANocm5upts,1743393377,895438322,RFnuEbvlfkRBpDmM-WDKog==,0,1743400176
8278074507,object_name,2025/03/31/8278074507/895438322_094600.2PPpZwgg_D_9AJRmxSdsOEI10zANocm5upts,1743385560,895438322,wZrl4ZZY9bqBX7e4WsQyWQ==,0,1743389224
8278074507,object_name,2025/03/30/8278074507/895438322_122200.6MboZwgg_D_9AJRmxSdsOEI10zANocm5upts,1743308520,895438322,wf8vbVcqlqvbYeiwZy5hvw==,0,1743312186
8278074507,object_name,2025/03/29/8278074507/895438322_133700._IbnZwQg_D_9AJRmxSdsOEI10zANocm5upts,1743226620,895438322,eYrHFkNb-6I3x6DcchHyWA==,0,1743232708
8278074507,object_name,2025/03/28/8278074507/895438322_130000.0CzmZwQg_D_9AJRmxSdsOEI10zANocm5upts,1743138000,895438322,49ILAKtjqWDqunAdjjQq0Q==,0,1743147257
8278074507,object_name,2025/03/27/8278074507/895438322_140000.YOnkZwQg_D_9AJRmxSdsOEI10zANocm5upts,1743055200,895438322,Mqu9FDv0DnfkERsbSNk51A==,0,1743106467
8278074507,object_name,2025/03/26/8278074507/895438322_160000.ALTjZwQg_D_9AJRmxSdsOEI10zANocm5upts,1742976000,895438322,mId67Wbkd4bW7BpoGk13mQ==,0,1743105518
8278074507,object_name,2025/03/25/8278074507/895438322_130000.UDjiZwQg_D_9AJRmxSdsOEI10zANocm5upts,1742878800,895438322,UE2hjTyxrVzqod9Lu3iOLw==,0,1743105563
8278074507,object_name,2025/03/24/8278074507/895438322_130000.0ObgZwQg_D_9AJRmxSdsOEI10zANocm5upts,1742792400,895438322,la7WdobvAMn8hWI9nAV9Hw==,0,1742841291
8278074507,object_name,2025/03/23/8278074507/895438322_131600.EJnfZwQg_D_9AJRmxSdsOEI10zANocm5upts,1742706960,895438322,i49aTHjVva7h-azm-wmhUQ==,0,1742841349
8278074507,object_name,2025/03/22/8278074507/895438322_140000.4FHeZwQg_D_9AJRmxSdsOEI10zANocm5upts,1742623200,895438322,COKh-4InFF-yzxieGK6zng==,0,1742822807
8278074507,object_name,2025/03/21/8278074507/895438322_133200.0PncZwQg_D_9AJRmxSdsOEI10zANocm5upts,1742535120,895438322,gIX6D-bmIHAadXehp3pezw==,0,1742804437
8278074507,object_name,2025/03/20/8278074507/895438322_125500.pJ_bZwQg_D_9AJRmxSdsOEI10zANocm5upts,1742446500,895438322,CsOCuV0925fiDbfXgnaWUg==,0,1742804393
8278074507,object_name,2025/03/19/8278074507/895438322_143000.aGTaZwQg_D_9AJRmxSdsOEI10zANocm5upts,1742365800,895438322,sg-pS9LQ_Tf3kLP_ejkXsg==,0,1743105462
8278074507,object_name,2025/03/18/8278074507/895438322_124000.IPnYZwQg_D_9AJRmxSdsOEI10zANocm5upts,1742272800,895438322,F7r-NRuQqV2vSZS4fYZMCg==,0,1743105509
8278074507,object_name,2025/03/17/8278074507/895438322_123000.SKXXZwQg_D_9AJRmxSdsOEI10zANocm5upts,1742185800,895438322,OIM9O7sqy1VQ-uHBEgaHAw==,0,1742190243
8278074507,object_name,2025/03/16/8278074507/895438322_102700.9DbWZwQg_D_9AJRmxSdsOEI10zANocm5upts,1742092020,895438322,RUX4xFtTyOyMjW826QOFqA==,0,1742097917
8278074507,object_name,2025/03/15/8278074507/895438322_110700.1O7UZwQg_D_9AJRmxSdsOEI10zANocm5upts,1742008020,895438322,4CgHRnqThs9IlGBbyQB5yw==,0,1742068206
8278074507,object_name,2025/03/14/8278074507/895438322_112700.BKLTZwQg_D_9AJRmxSdsOEI10zANocm5upts,1741922820,895438322,AScU9XMJSoGU-waUW2rAuw==,0,1741956213
8278074507,object_name,2025/03/12/8278074507/895438322_124800.ABLRZwQg_D_9AJRmxSdsOEI10zANocm5upts,1741754880,895438322,bbsphkvCzTazbWjD8mez2Q==,0,1741758542
8278074507,object_name,2025/03/11/8278074507/895438322_111600.8KrPZwQg_D_9AJRmxSdsOEI10zANocm5upts,1741662960,895438322,-0MVF7Lga-qH40ey8fspEQ==,0,1741698018
8278074507,object_name,2025/03/10/8278074507/895438322_092600.qD_OZwQg_D_9AJRmxSdsOEI10zANocm5upts,1741569960,895438322,kIbE0NjNwZrEiWXGX02p-A==,0,1741594020
8278074507,object_name,2025/03/09/8278074507/895438322_143400.WDbNZwQg_D_9AJRmxSdsOEI10zANocm5upts,1741502040,895438322,9DeH3YndNrGu2cmxh7Y1QQ==,0,1741593763
8278074507,object_name,2025/03/08/8278074507/895438322_131600.kNLLZwQg_D_9AJRmxSdsOEI10zANocm5upts,1741410960,895438322,Gu6wsFN_Lz4MbceAf6jVbQ==,0,1741590002
8278074507,object_name,2025/03/07/8278074507/895438322_153500.pKHKZwQg_D_9AJRmxSdsOEI10zANocm5upts,1741332900,895438322,CkzR9ug4SH6ct8w5ArNEtg==,0,1741600134
8278074507,object_name,2025/03/06/8278074507/895438322_135200.ADjJZwQg_D_9AJRmxSdsOEI10zANocm5upts,1741240320,895438322,dC0z2RmOOzk5QibQfQCOwA==,0,1741597429
8278074507,object_name,2025/03/05/8278074507/895438322_141000.uOrHZwQg_D_9AJRmxSdsOEI10zANocm5upts,1741155000,895438322,hb6EjfBWiV6oS4sY4-Nnqg==,0,1741597434
8278074507,object_name,2025/03/04/8278074507/895438322_153100.NKzGZwQg_D_9AJRmxSdsOEI10zANocm5upts,1741073460,895438322,sWK7pESh4_a8A5Qim9VcrA==,0,1741598333
8278074507,object_name,2025/03/03/8278074507/895438322_152400.EFnFZwQg_D_9AJRmxSdsOEI10zANocm5upts,1740986640,895438322,Y3z2HCKjSB0YJPRJGfgRXQ==,0,1741595620
8278074507,object_name,2025/03/02/8278074507/895438322_161600.wBPEZwQg_D_9AJRmxSdsOEI10zANocm5upts,1740903360,895438322,fa7sNtDTZA3wz0d0Wc3LNA==,0,1741045651
8278074507,object_name,2025/03/01/8278074507/895438322_224800.IB7DZwQg_D_9AJRmxSdsOEI10zANocm5upts,1740840480,895438322,wHVOU0cLj_ynxwiX2yUJRw==,0,1741604642
8278074507,object_name,2025/03/01/8278074507/895438322_200200.OPfCZwQg_D_9AJRmxSdsOEI10zANocm5upts,1740830520,895438322,llusKXXOeg9v0eo6r8d9aQ==,0,1741599233
8278074507,object_name,2025/02/28/8278074507/895438322_150000.8F7BZwQg_D_9AJRmxSdsOEI10zANocm5upts,1740726000,895438322,iWcLvkrzdXMYvQyf4mY6KQ==,0,1741043847
8278074507,object_name,2025/02/27/8278074507/895438322_150100.rA3AZwQg_D_9AJRmxSdsOEI10zANocm5upts,1740639660,895438322,PqzhR_IY7JG5_zHK8ea4kQ==,0,1741591084
8278074507,object_name,2025/02/26/8278074507/895438322_153000.-MK-ZwQg_D_9AJRmxSdsOEI10zANocm5upts,1740555000,895438322,R61CQNmRouX_gHkz85O6Lw==,0,1741044751
8278074507,object_name,2025/02/25/8278074507/895438322_181900.FJm9ZwQg_D_9AJRmxSdsOEI10zANocm5upts,1740478740,895438322,7yaY4ta7wQgHOawUAwUeSQ==,0,1741603742
8278074507,object_name,2025/02/24/8278074507/895438322_153100.NCC8ZwQg_D_9AJRmxSdsOEI10zANocm5upts,1740382260,895438322,XF8jG895ar5gkAAlZNQwmQ==,0,1741601033
8278074507,object_name,2025/02/23/8278074507/895438322_161200.UNi6ZwQg_D_9AJRmxSdsOEI10zANocm5upts,1740298320,895438322,kvHlO_5ptiUfhYf1jFJ6LA==,0,1740314962
8278074507,object_name,2025/02/22/8278074507/895438322_205000.-Me5ZwQg_D_9AJRmxSdsOEI10zANocm5upts,1740228600,895438322,3nSNjjxMzlyws6M5B_l-ww==,0,1740385071
8278074507,object_name,2025/02/21/8278074507/895438322_185300.DFu4ZwQg_D_9AJRmxSdsOEI10zANocm5upts,1740135180,895438322,KWDAmIn9mMyapoKbi_WVMw==,0,1740778621
8278074507,object_name,2025/02/19/8278074507/895438322_191800.6L21ZwQg_D_9AJRmxSdsOEI10zANocm5upts,1739963880,895438322,OGQ98Zd3q_ha2ocv_k01VQ==,0,1741589283
8278074507,object_name,2025/02/18/8278074507/895438322_211900.xIi0ZwQg_D_9AJRmxSdsOEI10zANocm5upts,1739884740,895438322,PBQ7QbhikrnkCq14m1sgYQ==,0,1741593757
8278074507,object_name,2025/02/18/8278074507/895438322_154800.MDu0ZwQg_D_9AJRmxSdsOEI10zANocm5upts,1739864880,895438322,nLwOjPwbolkSAZexhXmRQw==,0,1740779659
8278074507,object_name,2025/02/17/8278074507/895438322_150100.rN6yZwQg_D_9AJRmxSdsOEI10zANocm5upts,1739775660,895438322,XtKo6TIgGsH4gou3V5iGyg==,0,1741591984
8278074507,object_name,2025/02/16/8278074507/895438322_173200.kLCxZwQg_D_9AJRmxSdsOEI10zANocm5upts,1739698320,895438322,1yAdQaYKgvoY80j6gs0JsQ==,0,1741582994
8278074507,object_name,2025/02/15/8278074507/895438322_144400.sDewZwQg_D_9AJRmxSdsOEI10zANocm5upts,1739601840,895438322,0TS79P5O6L-Ilhmgj0yW2w==,0,1741594669
8278074507,object_name,2025/02/14/8278074507/895438322_133000.2NSuZwQg_D_9AJRmxSdsOEI10zANocm5upts,1739511000,895438322,dWvBZxL1-CldBNzGXW2WUw==,0,1740780638
8278074507,object_name,2025/02/13/8278074507/895438322_110500.XGGtZwQg_D_9AJRmxSdsOEI10zANocm5upts,1739415900,895438322,cO_mQ2_HGwrUZSYfnkpEjw==,0,1741594027
8278074507,object_name,2025/02/13/8278074507/895438322_084800.QEGtZwQg_D_9AJRmxSdsOEI10zANocm5upts,1739407680,895438322,tRVERAopduJmtcsdNIjVvg==,0,1741602837
8278074507,object_name,2025/02/12/8278074507/895438322_151100.hEmsZwQg_D_9AJRmxSdsOEI10zANocm5upts,1739344260,895438322,uwpfEuzZOW2R5V10WXpYWA==,0,1741601935
8278074507,object_name,2025/02/10/8278074507/895438322_153200.cKupZwQg_D_9AJRmxSdsOEI10zANocm5upts,1739172720,895438322,CJZtt_qMu0nYrStFcwZ5qA==,0,1741595626
8278074507,object_name,2025/02/07/8278074507/895438322_162400.IMOlZwQg_D_9AJRmxSdsOEI10zANocm5upts,1738916640,895438322,wwiysKUYuuOZHEXZrcyKlQ==,0,1741038444
8278074507,object_name,2025/02/06/8278074507/895438322_130000.0EGkZwQg_D_9AJRmxSdsOEI10zANocm5upts,1738818000,895438322,ITY5JV4bW232rr4pMvxmmg==,0,1741043852
8278074507,object_name,2025/02/05/8278074507/895438322_142000.EAOjZwQg_D_9AJRmxSdsOEI10zANocm5upts,1738736400,895438322,QNW8evZEziO4-UuG6Ccxiw==,0,1741582982
8278074507,object_name,2025/02/04/8278074507/895438322_172900.3N2hZwQg_D_9AJRmxSdsOEI10zANocm5upts,1738661340,895438322,7H5M6VPzN2x9hbgT8D6QWQ==,0,1741602843
8278074507,object_name,2025/02/03/8278074507/895438322_150000.cGmgZwQg_D_9AJRmxSdsOEI10zANocm5upts,1738566000,895438322,eA3I0cmxKOonARigMyIehw==,0,1741592884
8278074507,object_name,2025/02/02/8278074507/895438322_180200.mEKfZwQg_D_9AJRmxSdsOEI10zANocm5upts,1738490520,895438322,DNy49XrMNYRiZmbnizNucA==,0,1738536455
8278074507,object_name,2025/02/01/8278074507/895438322_190000.sP6dZwQg_D_9AJRmxSdsOEI10zANocm5upts,1738407600,895438322,AS2_5yXmNtNJZRMPKVV5hQ==,0,1738544697
8278074507,object_name,2025/01/31/8278074507/895438322_150000.8HScZwQg_D_9AJRmxSdsOEI10zANocm5upts,1738306800,895438322,1kcYRtzLmiav7k5RRJGgsg==,0,1738544698
8278074507,object_name,2025/01/27/8278074507/895438322_143100.JCiXZwQg_D_9AJRmxSdsOEI10zANocm5upts,1737959460,895438322,yI4Deh__H3xN1-0Mh7oP5g==,0,1737994370
8278074507,object_name,2025/01/26/8278074507/895438322_163000.iPKVZwQg_D_9AJRmxSdsOEI10zANocm5upts,1737880200,895438322,MrG9OokfIViOd7ZvMvLoJA==,0,1737915260
8278074507,object_name,2025/01/25/8278074507/895438322_164800.QKWUZwQg_D_9AJRmxSdsOEI10zANocm5upts,1737794880,895438322,gbhDwVmiwW0SRhQAPS86LA==,0,1737798672
8278074507,object_name,2025/01/25/8278074507/895438322_144700.5IiUZwQg_D_9AJRmxSdsOEI10zANocm5upts,1737787620,895438322,TgJ3fmN7otKqn2Qe9JGSxQ==,0,1737798126
8278074507,object_name,2025/01/24/8278074507/895438322_170000.kFaTZwQg_D_9AJRmxSdsOEI10zANocm5upts,1737709200,895438322,f679M9_pupngiG-L8t77aA==,0,1737819680
8278074507,object_name,2025/01/23/8278074507/895438322_153000.-O-RZwQg_D_9AJRmxSdsOEI10zANocm5upts,1737617400,895438322,nT0bT8A-BRRfcSq_9qQ8jA==,0,1737811466
8278074507,object_name,2025/01/22/8278074507/895438322_142000.EI6QZwQg_D_9AJRmxSdsOEI10zANocm5upts,1737526800,895438322,FFDN0qcxUo0pXBENHFBzmw==,0,1737798123
8278074507,object_name,2025/01/21/8278074507/895438322_140200.WDiPZwQg_D_9AJRmxSdsOEI10zANocm5upts,1737439320,895438322,xdfvGfo4CjQsBs5OC_Whew==,0,1737550843
8278074507,object_name,2025/01/20/8278074507/895438322_160000.gAKOZwQg_D_9AJRmxSdsOEI10zANocm5upts,1737360000,895438322,KevTEq0GMefiL1UzqI4dqg==,0,1737565504
8278074507,object_name,2025/01/19/8278074507/895438322_153000.-KmMZwQg_D_9AJRmxSdsOEI10zANocm5upts,1737271800,895438322,vHWf_8j1q60zrYda3g8m9A==,0,1737279487
8278074507,object_name,2025/01/18/8278074507/895438322_153000.eFiLZwQg_D_9AJRmxSdsOEI10zANocm5upts,1737185400,895438322,oclKCh5qvwZdcglSHKZEzg==,0,1737298446
8278074507,object_name,2025/01/17/8278074507/895438322_160000.AA6KZwQg_D_9AJRmxSdsOEI10zANocm5upts,1737100800,895438322,JDd5EPQD6Dg6aNIVof-3vw==,0,1737279485
8278074507,object_name,2025/01/16/8278074507/895438322_180900.vNqIZwQg_D_9AJRmxSdsOEI10zANocm5upts,1737022140,895438322,UQ5duLEDXV_7yuyWv5bvEw==,0,1737032478
8278074507,object_name,2025/01/16/8278074507/895438322_153500.pLaIZwQg_D_9AJRmxSdsOEI10zANocm5upts,1737012900,895438322,GFZxm91QeO1IaLGWUtTPug==,0,1737115577
8278074507,object_name,2025/01/15/8278074507/895438322_163500.NHOHZwQg_D_9AJRmxSdsOEI10zANocm5upts,1736930100,895438322,Oh2VFtB2E3bLKFC3EbCYoQ==,0,1736933763
8278074507,object_name,2025/01/15/8278074507/895438322_064912.6OmGZwSg_D_9AJRmxSdsOEI10zANocm5upts,1736894952,895438322,lqgx5BBa7M56cj0MKAOJeA==,0,1736932784
